day,solar_[MJ/m2/day],pen_temp_[degC],biomass_[t]
0,21.3,17.59,40.2
7,20.8,,
14,21.4,19.63,44.2
21,25.8,,
28,21.7,20.78,47.1
35,18.2,,
42,21.8,19.88,48.8
49,18.5,,
56,16.8,19.83,52.7
63,19.5,,
70,17.1,19.29,58.0
77,15.7,,
84,15.3,18.50,62.0
91,17.2,,
98,12.4,18.62,70.3
105,15.2,,
112,10.5,17.75,77.7
119,9.7,,
126,7.1,16.72,89.5
133,5.1,,
140,13.6,15.16,96.9
147,7.7,,
154,5.3,15.68,107.6
161,5.7,,
168,4.5,14.63,122.0
175,8.9,,
182,6.8,13.53,133.3
189,9.3,,
196,5.4,15.12,144.6
203,2.6,,
210,5.8,13.62,165.1
217,5.3,,
224,3.8,13.99,183.3
231,7.7,,
238,6.3,13.89,194.4
245,11.8,,
252,10.2,14.41,230.4
259,11.3,,
266,9.0,14.58,244.4
273,14.0,,
280,17.5,16.47,268.6
287,14.9,,
294,17.7,16.44,313.8
301,18.3,,
308,20.2,18.48,348.2
315,19.4,,
322,18.6,19.10,367.9
329,18.0,,
336,22.5,18.91,402.1
343,21.9,,
350,22.6,20.66,429.4
357,26.1,,
364,26.1,21.75,459.6
