day,date,solar_[MJ/m2/day],stocking_[t/day],harvest_[fraction/day],farm_temp_[degC],biomass_[t]
0,2019-01-01,20.4,0.00,0.0045,17.19,4074
7,2019-01-08,27.0,0.00,0.0045,,
14,2019-01-15,24.3,0.00,0.0045,18.42,4249
21,2019-01-22,24.0,0.00,0.0045,,
28,2019-01-29,23.0,0.00,0.0045,18.72,4182
35,2019-02-05,22.4,0.00,0.0045,,
42,2019-02-12,21.7,0.00,0.0045,18.43,4005
49,2019-02-19,21.2,0.00,0.0045,,
56,2019-02-26,18.8,0.00,0.0045,18.69,3881
63,2019-03-05,19.6,0.00,0.0075,,
70,2019-03-12,17.6,0.00,0.0075,18.26,3721
77,2019-03-19,16.5,0.00,0.0075,,
84,2019-03-26,14.5,31.43,0.0075,18.73,3790
91,2019-04-02,18.2,0.00,0.0075,,
98,2019-04-09,13.6,0.00,0.0075,17.16,3851
105,2019-04-16,13.1,0.00,0.0075,,
112,2019-04-23,12.4,0.00,0.0075,16.62,3801
119,2019-04-30,11.3,0.00,0.0075,,
126,2019-05-07,8.4,0.00,0.0075,15.10,3670
133,2019-05-14,7.3,0.00,0.0075,,
140,2019-05-21,8.0,0.00,0.0075,15.38,3542
147,2019-05-28,8.2,0.00,0.0075,,
154,2019-06-04,5.1,0.00,0.0045,14.74,3463
161,2019-06-11,5.3,0.00,0.0045,,
168,2019-06-18,4.7,0.00,0.0045,14.06,3590
175,2019-06-25,4.6,0.00,0.0045,,
182,2019-07-02,2.0,0.00,0.0045,12.38,3612
189,2019-07-09,6.2,0.00,0.0045,,
196,2019-07-16,6.3,0.00,0.0045,13.41,3576
203,2019-07-23,4.1,0.00,0.0045,,
210,2019-07-30,5.4,0.00,0.0045,13.22,3684
217,2019-08-06,7.1,0.00,0.0045,,
224,2019-08-13,11.7,0.00,0.0045,12.36,3671
231,2019-08-20,8.3,0.00,0.0045,,
238,2019-08-27,7.7,0.00,0.0045,13.90,
245,2019-09-03,5.1,0.00,0.0045,,
252,2019-09-10,8.3,0.00,0.0045,14.74,3709
259,2019-09-17,14.7,0.00,0.0045,,
266,2019-09-24,13.2,0.00,0.0045,14.46,3710
273,2019-10-01,12.3,31.43,0.0045,,
280,2019-10-08,13.9,0.00,0.0045,14.70,3935
287,2019-10-15,15.2,0.00,0.0045,,
294,2019-10-22,17.7,0.00,0.0045,15.80,4044
301,2019-10-29,16.4,0.00,0.0045,,
308,2019-11-05,20.1,0.00,0.0045,16.03,4231
315,2019-11-12,23.5,0.00,0.0045,,
322,2019-11-19,20.1,0.00,0.0045,17.60,4269
329,2019-11-26,19.1,0.00,0.0045,,
336,2019-12-03,21.5,0.00,0.0045,18.29,4514
343,2019-12-10,21.6,0.00,0.0045,,
350,2019-12-17,18.6,0.00,0.0045,17.51,4662
357,2019-12-24,24.6,0.00,0.0045,,
364,2019-12-31,22.1,0.00,0.0045,19.15,4580
371,2020-01-07,22.8,0.00,0.0045,,
378,2020-01-14,20.9,0.00,0.0045,19.01,4476
385,2020-01-21,25.2,0.00,0.0045,,
392,2020-01-28,19.4,0.00,0.0045,19.91,4473
399,2020-02-04,20.5,0.00,0.0045,,
406,2020-02-11,19.4,0.00,0.0045,,4503
413,2020-02-18,20.7,0.00,0.0045,,
420,2020-02-25,17.5,0.00,0.0045,,4239
427,2020-03-03,18.7,0.00,0.0075,,
434,2020-03-10,19.8,0.00,0.0075,19.24,4261
441,2020-03-17,16.1,0.00,0.0075,,
448,2020-03-24,16.8,0.00,0.0075,17.68,3996
455,2020-03-31,12.3,31.43,0.0075,,
462,2020-04-07,11.0,0.00,0.0075,16.67,4389
469,2020-04-14,9.5,0.00,0.0075,,
476,2020-04-21,13.0,0.00,0.0075,16.24,4254
483,2020-04-28,7.4,0.00,0.0075,,
490,2020-05-05,8.5,0.00,0.0075,15.43,4158
497,2020-05-12,10.2,0.00,0.0075,,
504,2020-05-19,8.1,0.00,0.0075,15.48,4155
511,2020-05-26,8.5,0.00,0.0075,,
518,2020-06-02,5.4,0.00,0.0045,14.48,3773
525,2020-06-09,4.8,0.00,0.0045,,
532,2020-06-16,4.9,0.00,0.0045,13.35,3872
539,2020-06-23,8.7,0.00,0.0045,,
546,2020-06-30,5.6,0.00,0.0045,13.77,4095
553,2020-07-07,7.5,0.00,0.0045,,
560,2020-07-14,4.6,0.00,0.0045,13.15,3975
567,2020-07-21,8.3,0.00,0.0045,,
574,2020-07-28,8.4,0.00,0.0045,13.30,4059
581,2020-08-04,4.1,0.00,0.0045,,
588,2020-08-11,8.0,0.00,0.0045,13.34,4113
595,2020-08-18,3.7,0.00,0.0045,,
602,2020-08-25,9.0,0.00,0.0045,13.55,4172
609,2020-09-01,10.4,0.00,0.0045,,
616,2020-09-08,7.0,0.00,0.0045,14.42,
623,2020-09-15,10.6,0.00,0.0045,,
630,2020-09-22,9.3,0.00,0.0045,13.59,4218
637,2020-09-29,9.9,31.43,0.0045,,
644,2020-10-06,16.3,0.00,0.0045,13.80,4522
651,2020-10-13,16.2,0.00,0.0045,,
658,2020-10-20,15.1,0.00,0.0045,15.10,4600
665,2020-10-27,14.4,0.00,0.0045,,
672,2020-11-03,16.7,0.00,0.0045,16.04,4613
679,2020-11-10,21.1,0.00,0.0045,,
686,2020-11-17,17.3,0.00,0.0045,17.68,4605
693,2020-11-24,19.0,0.00,0.0045,,
700,2020-12-01,18.7,0.00,0.0045,16.87,4997
707,2020-12-08,18.6,0.00,0.0045,,
714,2020-12-15,23.1,0.00,0.0045,17.39,5081
721,2020-12-22,19.7,0.00,0.0045,,
728,2020-12-29,23.4,0.00,0.0045,17.74,5172
